battery_id,avg_temp,fade_rate,cluster
B0053,12.238551473418257,0.019091817653918396,0
B0054,13.51285724357893,0.007183835961028381,1
